RK,NAME,KEEP?,POS,POS RK,TEAM,AGE,SALARY,FP
1,Connor McDavid,N,C,1,EDM,26,12.5,689.2101089
3,Leon Draisaitl,N,"C,LW",1,EDM,27,8.5,593.2365054
4,Nathan MacKinnon,N,C,4,COL,27,12.6,567.483793
2,Auston Matthews,N,C,2,TOR,25,11.64025,612.8313333
7,Matthew Tkachuk,N,"LW,RW",2,FLA,25,9.5,521.344025
5,David Pastrnak,N,RW,1,BOS,27,11.25,534.0350216
10,Nikita Kucherov,N,RW,4,TBL,30,9.5,497.2092193
6,Mikko Rantanen,N,RW,2,COL,26,9.25,530.0182317
9,Jack Hughes,N,"C,LW",4,NJD,22,8,497.5876156
14,Cale Makar,N,D,2,COL,24,9,491.6803403
11,Roman Josi,N,D,1,NSH,33,9.059,513.8278054
8,Kirill Kaprizov,N,LW,3,MIN,26,9,507.0963705
12,Jason Robertson,N,LW,5,DAL,24,7.75,486.4383484
13,Mitch Marner,N,RW,5,TOR,26,10.903,471.616556
17,Tage Thompson,N,C,7,BUF,25,7.14,471.8491437
37,Erik Karlsson,N,D,7,SJS,33,10,432.8754341
30,Rasmus Dahlin,N,D,4,BUF,23,6,451.4652722
16,William Nylander,N,RW,6,TOR,27,6.962,457.7345472
41,Andrei Vasilevskiy,N,G,1,TBL,29,9.5,309.8191191
36,Dougie Hamilton,N,D,6,NJD,30,9,434.5574976
55,Ilya Sorokin,N,G,4,NYI,28,4,296.6841652
34,Adam Fox,N,D,5,NYR,25,9.5,440.5243176
47,Miro Heiskanen,N,D,9,DAL,24,8.45,423.1393156
52,Igor Shesterkin,N,G,3,NYR,27,5.666667,301.4744526
48,Jake Oettinger,N,G,2,DAL,24,4,305.5986362
83,Quinn Hughes,N,D,14,VAN,23,7.85,386.074635
53,Evan Bouchard,N,D,10,EDM,23,0,417.3544681
18,Mika Zibanejad,N,C,8,NYR,30,8.5,468.0304938
15,Aleksander Barkov,N,C,6,FLA,27,10,474.7693948
19,Elias Pettersson,N,C,9,VAN,24,7.35,467.6691364
25,Kyle Connor,N,LW,9,WPG,26,7.142857,432.9864689
20,Alex Ovechkin,N,LW,6,WSH,37,9.5,444.4950468
56,Connor Hellebuyck,N,G,5,WPG,30,6.166666,293.5992976
44,Artemi Panarin,N,LW,14,NYR,31,11.642857,399.8445821
23,Sidney Crosby,N,C,10,PIT,36,8.7,449.9971177
24,Brayden Point,N,C,11,TBL,27,9.5,449.736046
21,Tim Stützle,N,"C,LW",7,OTT,21,8.35,441.9329952
73,Juuse Saros,N,G,6,NSH,28,5,280.8256864
22,Timo Meier,N,"LW,RW",8,NJD,26,8.8,440.4894967
43,Victor Hedman,N,D,8,TBL,32,7.875,424.9906051
26,Steven Stamkos,N,"C,LW",10,TBL,33,8.5,431.3304795
38,Brady Tkachuk,N,LW,13,OTT,23,8.205714,408.032963
35,Matt Boldy,N,"LW,RW",12,MIN,22,7,415.4062856
27,John Tavares,N,C,12,TOR,32,11,446.2580767
31,Jake Guentzel,N,LW,11,PIT,28,6,426.9058566
29,Moritz Seider,N,D,3,DET,22,0.863,452.6492681
46,Ryan Nugent-Hopkins,N,"C,LW",16,EDM,30,5.125,398.8555975
33,J.T. Miller,N,"C,RW",8,VAN,30,8,419.7052379
63,Johnny Gaudreau,N,LW,21,CBJ,30,9.75,380.711234
39,Dylan Larkin,N,C,18,DET,27,8.7,419.5912658
77,Josh Morrissey,N,D,13,WPG,28,6.25,392.6628374
28,Nico Hischier,N,C,13,NJD,24,7.25,446.1185831
49,Jordan Kyrou,N,"C,RW",12,STL,25,8.125,398.1040715
51,Clayton Keller,N,"LW,RW",17,ARI,25,7.15,394.9186699
65,Mikhail Sergachev,N,D,12,TBL,25,8.0889,404.6885541
54,Zach Hyman,N,"LW,RW",18,EDM,31,5.5,391.3188206
45,Alex Debrincat,N,"LW,RW",15,DET,25,7.875,399.5923583
85,Thatcher Demko,N,G,8,VAN,27,5,267.7412227
60,Andrei Svechnikov,N,"LW,RW",19,CAR,23,7.75,382.4330294
64,Kevin Fiala,N,LW,22,LAK,27,7.875,380.2764549
80,Alexandar Georgiev,N,G,7,COL,27,3.4,271.6965821
50,Sebastian Aho,N,C,20,CAR,26,9.6066,411.1353489
128,Brandon Montour,N,D,24,FLA,29,3.5,353.127038
70,Dylan Cozens,N,C,27,BUF,22,7.1,389.2273783
42,Alex Tuch,N,RW,10,BUF,27,4.75,401.3058621
40,Roope Hintz,N,C,19,DAL,26,8,418.5636597
104,Noah Dobson,N,D,19,NYI,23,4,370.8263057
122,Brent Burns,N,D,21,CAR,38,5.28,357.2524695
97,Filip Gustavsson,N,G,10,MIN,25,0,255.0885096
92,Charlie McAvoy,N,D,16,BOS,25,9.5,378.8189364
81,Jesper Bratt,N,"LW,RW",28,NJD,25,7.85,363.3974623
82,Pavel Buchnevich,N,"C,LW",29,STL,28,5.8,362.9796525
57,Jack Eichel,N,C,21,VGK,26,10,400.1725498
95,Tristan Jarry,N,G,9,PIT,28,0,256.7913073
137,Morgan Rielly,N,D,27,TOR,29,7.5,345.1085509
78,Patrik Laine,N,"LW,RW",26,CBJ,25,8.7,367.2694776
93,John Carlson,N,D,17,WSH,33,8,378.295822
76,Brad Marchand,N,LW,25,BOS,35,6.125,368.3507619
84,Seth Jones,N,D,15,CHI,28,9.5,385.9373054
62,Carter Verhaeghe,N,"C,LW",20,FLA,28,4.1667,381.6369863
129,Shea Theodore,N,D,25,VGK,28,5.2,353.0008388
32,Bo Horvat,N,C,15,NYI,28,8.5,438.9694909
126,Zach Werenski,N,D,22,CBJ,26,9.58333,353.5431783
69,Mark Scheifele,N,C,26,WPG,30,6.125,389.3146061
86,Jeff Skinner,N,LW,30,BUF,31,9,360.0235069
67,Sam Reinhart,N,"C,RW",18,FLA,27,6.5,379.8885292
112,Trevor Zegras,N,C,40,ANA,22,0,353.6348486
58,Travis Konecny,N,RW,15,PHI,26,5.5,383.2407576
97,Rasmus Andersson,N,D,18,CGY,26,4.55,372.4604193
101,Connor Bedard,N,C,36,CHI,18,0,362.1774432
105,Mathew Barzal,N,"C,RW",28,NYI,26,9.15,344.2064953
88,Troy Terry,N,RW,23,ANA,25,7,355.6066039
68,Joel Eriksson Ek,N,C,25,MIN,26,5.25,394.9766273
103,Evgeni Malkin,N,C,37,PIT,37,6.1,361.7983879
61,Joe Pavelski,N,"C,RW",17,DAL,39,3.5,382.0253637
89,Jonathan Marchessault,N,RW,24,VGK,32,5,355.3918354
59,Alex Pietrangelo,N,D,11,VGK,33,8.8,407.2221155
157,Vince Dunn,N,D,34,SEA,26,7.35,326.6634855
97,Martin Necas,N,"C,RW",26,CAR,24,3,347.7923362
79,Filip Forsberg,N,LW,27,NSH,29,8.5,366.5454179
66,Elias Lindholm,N,C,24,CGY,28,4.85,395.131249
75,Valeri Nichushkin,N,"LW,RW",24,COL,28,6.125,368.4720992
113,Jonathan Huberdeau,N,LW,37,CGY,30,10.5,337.8414707
134,Kris Letang,N,D,26,PIT,36,6.1,349.3643785
96,Mats Zuccarello,N,RW,25,MIN,35,6,348.1989592
74,Adrian Kempe,N,"C,RW",19,LAK,26,5.5,369.2488112
102,Cole Caufield,N,"LW,RW",34,MTL,22,7.85,346.962128
106,Drake Batherson,N,RW,29,OTT,25,4.975,343.9653995
91,Brock Nelson,N,C,32,NYI,31,6,370.2485222
108,Jacob Markstrom,N,G,11,CGY,33,6,249.2454036
127,Justin Faulk,N,D,23,STL,31,6.5,353.4801133
133,John Gibson,N,G,17,ANA,30,6.4,232.1305304
156,Drew Doughty,N,D,33,LAK,33,11,327.5673163
143,Thomas Chabot,N,D,29,OTT,26,8,339.1033998
90,Pierre-Luc Dubois,N,"C,LW",32,LAK,25,8.5,355.5920747
141,Devon Toews,N,D,28,COL,29,4.1,342.423159
124,Matty Beniers,N,C,43,SEA,20,0.8975,344.9423263
115,Ilya Samsonov,N,G,12,TOR,26,0,242.5445639
160,Cam Fowler,N,D,36,ANA,31,6.5,325.3565974
123,Jordan Binnington,N,G,14,STL,30,6,239.7500826
71,Chris Kreider,N,LW,23,NYR,32,6.5,374.1101927
114,Nikolaj Ehlers,N,LW,38,WPG,27,6,336.1624891
131,Nazem Kadri,N,C,45,CGY,32,7,342.0098461
107,Nick Suzuki,N,C,38,MTL,24,7.875,357.7759968
121,Sean Durzi,N,D,20,ARI,24,1.7,357.4612022
125,Adin Hill,N,G,15,VGK,27,0,236.6404777
97,Jared McCann,N,LW,33,SEA,27,5,348.0155216
151,Mike Matheson,N,D,31,MTL,29,4.875,331.4811695
116,Sergei Bobrovsky,N,G,13,FLA,34,10,241.5363357
135,Nick Schmaltz,N,"C,RW",34,ARI,27,5.85,323.0175782
139,Darcy Kuemper,N,G,18,WSH,33,5.25,227.0760042
154,Jakob Chychrun,N,D,32,OTT,25,4.6,329.5580409
72,Anze Kopitar,N,C,28,LAK,35,8,388.9611229
94,Tomas Hertl,N,C,34,SJS,29,8.1375,365.0982498
149,Robert Thomas,N,C,48,STL,24,8.125,323.1086424
130,Stuart Skinner,N,G,16,EDM,24,0,235.1199213
87,Brandon Hagel,N,LW,31,TBL,24,1.5,357.4391363
109,Claude Giroux,N,"C,RW",30,OTT,35,6.5,340.4416141
120,Taylor Hall,N,LW,39,CHI,31,6,333.0913523
161,Patrick Kane,N,RW,41,UFA,34,6.654,300.5459243
166,Noah Hanifin,N,D,38,CGY,26,4.95,321.4564518
142,Linus Ullmark,N,G,19,BOS,30,5,222.5677219
147,Lucas Raymond,N,"LW,RW",44,DET,21,0.925,309.4174466
188,Torey Krug,N,D,43,STL,32,6.5,299.8941864
132,Jake DeBrusk,N,"LW,RW",40,BOS,26,4,325.8581553
193,Brandt Clarke,N,D,44,LAK,20,0.863,297.5330008
119,Rickard Rakell,N,RW,32,PIT,30,5,333.0181363
111,Artturi Lehkonen,N,LW,36,COL,28,4.5,339.1145744
117,Logan Couture,N,C,41,SJS,34,8,349.3251619
152,David Perron,N,"LW,RW",45,DET,35,4.75,305.5026284
185,Gustav Forsling,N,D,41,FLA,27,2.667,303.7971499
140,Mark Stone,N,RW,37,VGK,31,9.5,318.8656456
144,Andrei Kuzmenko,N,LW,42,VAN,27,5.5,310.5089398
203,Hampus Lindholm,N,D,45,BOS,29,6.5,289.1884309
138,Viktor Arvidsson,N,"LW,RW",41,LAK,30,4.25,319.9029732
118,Owen Tippett,N,RW,31,PHI,24,1.5,333.1455437
169,Pavel Zacha,N,C,54,BOS,26,4.75,309.923951
168,Andre Burakovsky,N,"LW,RW",48,SEA,28,5.5,295.0436467
110,Jamie Benn,N,LW,35,DAL,34,9.5,339.8166366
158,Tyler Toffoli,N,RW,40,NJD,31,4.25,301.7477654
136,Dawson Mercer,N,"C,RW",35,NJD,21,0.894167,322.6613038
146,Darnell Nurse,N,D,30,EDM,28,9.25,334.3816276
167,Mason McTavish,N,"C,LW",47,ANA,20,0.894167,297.0067308
228,Owen Power,N,D,54,BUF,20,0.916667,276.1707423
163,Elvis Merzlikins,N,G,21,CBJ,29,5.4,206.6373747
214,Luke Hughes,N,D,51,NJD,20,0,282.1740444
252,Filip Hronek,N,D,62,VAN,25,4.4,266.5859627
150,Vitek Vanecek,N,G,20,NJD,27,3.4,214.6601696
257,Tyson Barrie,N,D,65,NSH,32,4.5,265.8094596
148,Vincent Trocheck,N,C,47,NYR,30,5.625,324.1078339
171,Jake Sanderson,N,D,39,OTT,21,0.925,316.4870938
258,John Klingberg,N,D,66,TOR,31,4.15,264.8811842
179,Vladimir Tarasenko,N,RW,45,UFA,31,5,285.0754125
155,Chandler Stephenson,N,C,52,VGK,29,2.75,319.4020523
261,Aaron Ekblad,N,D,67,FLA,27,7.5,264.0282525
231,Olen Zellweger,N,D,55,ANA,19,0.844167,274.3300275
205,MacKenzie Weegar,N,D,46,CGY,29,6.25,288.2239862
207,Evgeny Kuznetsov,N,C,62,WSH,31,7.8,277.3440048
180,Alex Killorn,N,"LW,RW",51,ANA,33,6.25,284.5512112
178,Brayden Schenn,N,"C,LW",50,STL,31,6.5,285.4440498
182,Brock Boeser,N,RW,48,VAN,26,6.5,282.7200181
170,Andrew Mangiapane,N,"LW,RW",49,CGY,27,5.8,291.9589164
235,Dmitry Orlov,N,D,57,CAR,32,7.75,271.9174438
206,Neal Pionk,N,D,47,WPG,28,5.875,286.9004324
165,Devon Levi,N,G,22,BUF,21,0,204.9610369
153,Josh Norris,N,C,51,OTT,24,7.95,320.3904119
164,Jared Spurgeon,N,D,37,MIN,33,7.575,322.4750341
174,Carter Hart,N,G,24,PHI,25,3.979,194.9197968
159,Jacob Trouba,N,D,35,NYR,29,8,325.7086618
275,Kevin Korchinski,N,D,69,CHI,19,0,259.4748278
200,Jordan Eberle,N,RW,54,SEA,33,5.5,269.0419219
181,Seth Jarvis,N,"C,RW",47,CAR,21,0.894167,284.0187778
224,Logan Cooley,N,C,70,ARI,19,0,269.2096564
243,Mattias Ekholm,N,D,59,EDM,33,6,268.7040528
172,Bryan Rust,N,RW,44,PIT,31,5.125,291.3681291
253,Damon Severson,N,D,63,CBJ,29,6.25,266.4185446
192,Sam Bennett,N,C,57,FLA,27,4.425,288.2692741
212,Thomas Novak,N,C,64,NSH,26,0.8,274.2386085
162,Anders Lee,N,LW,46,NYI,33,7,300.523027
197,Mikael Backlund,N,C,58,CGY,34,5.35,285.8740035
199,Matt Duchene,N,"C,RW",53,DAL,32,3,269.2829985
304,Thomas Harley,N,D,81,DAL,22,0.863,251.3259973
268,Casey Mittelstadt,N,C,81,BUF,24,2.5,251.9371038
221,Janis Moser,N,D,53,ARI,23,0.886667,279.9482158
322,Shayne Gostisbehere,N,D,89,DET,30,4.125,242.7434775
173,Philipp Grubauer,N,G,23,SEA,31,5.9,198.3279447
254,Jeff Petry,N,D,64,PIT,35,6.25,266.1983763
312,Jamie Drysdale,N,D,86,ANA,21,0,247.5518115
191,Lukas Reichel,N,LW,53,CHI,21,0,273.6665974
177,Joonas Korpisalo,N,G,26,OTT,29,0,193.1104721
210,Colton Parayko,N,D,49,STL,30,6.5,284.9695626
284,Brett Pesce,N,D,73,CAR,28,4.025,257.0666206
202,Oliver Bjorkstrand,N,RW,55,SEA,28,5.4,264.865189
296,Samuel Girard,N,D,79,COL,25,5,253.5032989
225,Luke Evangelista,N,RW,59,NSH,21,0.7975,254.0200175
184,Mario Ferraro,N,D,40,SJS,24,3.25,304.1926087
215,Anthony Beauvillier,N,"LW,RW",56,VAN,26,4.15,257.39376
145,Boone Jenner,N,"C,LW",43,CBJ,30,3.75,310.4512592
190,Reilly Smith,N,"LW,RW",54,PIT,32,5,273.4893835
285,Jaccob Slavin,N,D,74,CAR,29,5.3,256.8604168
187,Adam Larsson,N,D,42,SEA,30,4,301.6856912
353,Brady Skjei,N,D,99,CAR,29,5.25,228.1433741
329,Cam York,N,D,91,PHI,22,1.6,238.0841989
196,Ryan Hartman,N,"C,RW",51,MIN,28,1.7,270.7404146
223,Kent Johnson,N,"C,LW",59,CBJ,20,0.925,254.4463563
186,Ville Husso,N,G,27,DET,28,4.75,185.3590361
311,Kevin Shattenkirk,N,D,85,BOS,34,1,247.6378178
175,Phillip Danault,N,C,55,LAK,30,5.5,302.3118493
176,Frederik Andersen,N,G,25,CAR,33,3.4,193.2406702
264,Adam Fantilli,N,C,79,CBJ,18,0,253.2246903
299,K'Andre Miller,N,D,80,NYR,23,3.872,252.9963602
244,Conor Garland,N,RW,64,VAN,27,4.95,243.7093839
338,Juuso Valimaki,N,D,95,ARI,24,1,235.2890401
360,Justin Schultz,N,D,102,SEA,33,3,224.318888
226,Wyatt Johnston,N,C,71,DAL,20,0.894167,268.2167629
219,Ryan Graves,N,D,52,PIT,28,4.5,281.2635057
183,Adam Henrique,N,"C,LW",52,ANA,33,5.825,282.4302412
211,Ivan Provorov,N,D,50,CBJ,26,4.725,284.2652749
365,Pavel Mintyukov,N,D,106,ANA,19,0.918333,222.21528
273,Matias Maccelli,N,LW,71,ARI,22,3.425,235.2474744
220,Jakub Vrana,N,LW,58,STL,27,2.625,256.1872945
234,Teuvo Teravainen,N,"LW,RW",63,CAR,28,5.4,247.3541591
472,Calen Addison,N,D,144,MIN,23,0,190.0783716
240,Michael Bunting,N,LW,65,CAR,27,4.5,245.5625429
248,Travis Sanheim,N,D,61,PHI,27,6.25,267.8106424
347,Brock Faber,N,D,98,MIN,20,0,230.4380358
229,Tyler Bertuzzi,N,LW,61,TOR,28,5.5,250.8839066
292,Kaiden Guhle,N,D,78,MTL,21,0.863333,254.8346869
361,Bowen Byram,N,D,103,COL,22,3.85,224.2876354
189,Kirill Marchenko,N,RW,49,CBJ,23,0.925,273.6973406
262,Kirby Dach,N,C,76,MTL,22,3.3625,254.4814355
218,Tyler Seguin,N,"C,RW",58,DAL,31,9.85,256.933697
250,Alex Barabanov,N,"LW,RW",68,SJS,29,2.5,242.6603901
266,Ryan Pulock,N,D,68,NYI,28,6.15,262.1753783
198,Tom Wilson,N,RW,52,WSH,29,6.34375,269.8437952
230,Nino NIederreiter,N,RW,60,WPG,30,4,250.6092511
222,Sean Couturier,N,C,68,PHI,30,7.75,269.7029017
263,William Eklund,N,C,78,SJS,20,0.894167,254.2718099
233,Ivan Barbashev,N,"C,LW",62,VGK,27,5,248.1200347
232,Jonas Brodin,N,D,56,MIN,30,6,273.0203863
227,Trevor Moore,N,LW,60,LAK,28,4.2,251.9892647
277,Adam Pelech,N,D,70,NYI,29,5.75,258.794592
213,William Karlsson,N,C,65,VGK,30,5.9,273.4945114
201,Karel Vejmelka,N,G,29,ARI,27,2.725,173.5934195
259,Jack Roslovic,N,RW,67,CBJ,26,4,239.4289037
237,Evander Kane,N,LW,64,EDM,32,5.125,246.6134878
286,Blake Wheeler,N,RW,69,NYR,36,0.88,231.1867662
208,Ryan O'Reilly,N,C,63,NSH,32,4.5,276.3081059
236,T.J. Oshie,N,RW,62,WSH,36,5.75,247.1919728
194,Pheonix Copley,N,G,28,LAK,31,0,179.7615136
269,Dylan Strome,N,C,82,WSH,26,5,251.2873148
195,Frank Vatrano,N,"C,LW",55,ANA,29,3.65,271.09844
204,Jeremy Swayman,N,G,30,BOS,24,0,171.6591065
290,Jake Walman,N,D,77,DET,27,3.4,255.1587099
274,Barrett Hayton,N,C,84,ARI,23,1.775,250.1458417
411,Rasmus Sandin,N,D,125,WSH,23,1.4,208.2220563
306,Vladislav Gavrikov,N,D,82,LAK,27,5.875,249.6433448
391,Nick Perbix,N,D,117,TBL,25,1.125,215.0112006
239,Esa Lindell,N,D,58,DAL,29,5.8,270.3474651
294,Daniel Sprong,N,RW,71,DET,26,2,229.2636822
267,Anton Lundell,N,C,80,FLA,21,0.925,252.0475576
278,Rasmus Ristolainen,N,D,71,PHI,28,5.1,258.790454
325,Nick Jensen,N,D,90,WSH,32,4.05,241.2388491
344,Matt Dumba,N,D,97,UFA,29,5.45,231.5361881
332,Kevin Hayes,N,C,94,STL,31,3.571429,227.1252772
291,Dillon Dube,N,"C,RW",70,CGY,25,2.3,230.3295006
247,Joel Farabee,N,LW,66,PHI,23,5,243.4827024
271,Dominik Kubalik,N,LW,70,OTT,27,2.5,236.0592701
279,Gabriel Vilardi,N,C,85,WPG,24,3.4375,249.3064025
309,Matt Roy,N,D,83,LAK,28,3.15,247.9046746
216,Kaapo Kahkonen,N,G,31,SJS,27,2.75,164.5614492
217,J.T. Compher,N,"LW,RW",57,DET,28,5.1,257.0358037
300,Cam Atkinson,N,RW,72,PHI,34,5.875,228.1628777
314,Cody Glass,N,C,87,NSH,24,2.5,237.1363036
289,Radko Gudas,N,D,76,ANA,33,4,255.6376369
238,Charlie Coyle,N,C,72,BOS,31,5.25,261.164255
494,Tony DeAngelo,N,D,156,PHI,27,1.675,184.0903397
283,Ilya Mikheyev,N,RW,68,VAN,28,4.75,232.8536258
330,Marcus Pettersson,N,D,92,PIT,27,4.025,237.8268612
340,Quinton Byfield,N,C,98,LAK,21,0.894167,223.7154838
281,Scott Mayfield,N,D,72,NYI,30,3.5,257.9957514
242,Scott Laughton,N,C,73,PHI,29,3,259.9587548
408,Nate Schmidt,N,D,123,WPG,32,5.95,208.8535862
323,Filip Chytil,N,C,90,NYR,23,4.4375,232.4796937
320,Victor Olofsson,N,"LW,RW",83,BUF,28,4.75,218.4824056
468,Adam Boqvist,N,D,142,CBJ,23,2.6,190.6868969
316,Anthony Duclair,N,LW,81,SJS,27,3,222.0195172
302,Evan Rodrigues,N,"C,LW",77,FLA,30,3,227.6161275
447,Matt Grzelcyk,N,D,135,BOS,29,3.6875,196.6834425
256,Lawson Crouse,N,"LW,RW",69,ARI,26,4.3,241.3608888
382,Timothy Liljegren,N,D,113,TOR,24,1.4,217.8849311
282,Brandon Saad,N,LW,73,STL,30,4.5,233.3480418
328,Max Domi,N,"C,LW",84,TOR,28,2.5,213.7904516
305,Taylor Raddysh,N,RW,73,CHI,25,0.758333,225.780278
370,Matt Benning,N,D,107,SJS,29,1.25,219.65329
333,Jesperi Kotkaniemi,N,C,95,CAR,23,4.82,226.5218513
287,Ryan McDonagh,N,D,75,NSH,34,6.75,255.7200493
378,Erik Cernak,N,D,110,TBL,26,5.2,218.4107637
241,Josh Anderson,N,RW,63,MTL,29,5.5,244.8727039
276,Ross Colton,N,"C,LW",72,COL,26,4,234.9800023
313,Alexis Lafrenière,N,LW,80,NYR,21,0,222.3034743
321,Martin Fehervary,N,D,88,WSH,23,2.675,242.7926691
538,Erik Gustafsson (D),N,D,166,NYR,31,0.825,169.4674305
386,Ryan Strome,N,"LW,RW",96,ANA,30,5,191.8420529
388,Carson Soucy,N,D,115,VAN,29,3.25,216.1473141
270,Anthony Cirelli,N,C,83,TBL,26,6.08889,251.1882657
493,David Jiricek,N,D,155,CBJ,19,0,184.9116195
412,John Marino,N,D,126,NJD,26,4.4,206.7662214
245,Brayden McNabb,N,D,60,VGK,32,2.5,268.163346
336,Ben Chiarot,N,D,93,DET,32,4.75,235.4458867
319,Yanni Gourde,N,C,89,SEA,31,5.1666,234.1835693
209,Alec Martinez,N,D,48,VGK,36,5.25,285.6574686
465,Nikita Zadorov,N,D,140,CGY,28,3.75,191.6708156
308,Blake Coleman,N,"C,RW",74,CGY,31,4.9,224.0789893
297,Alex Iafallo,N,LW,75,WPG,29,4,228.9734991
390,Connor Clifton,N,D,116,BUF,28,3.333333333,215.2123825
337,Jake McCabe,N,D,94,TOR,29,2,235.3226115
348,Kyle Palmieri,N,RW,78,NYI,32,5,205.7311042
403,Nicolas Hague,N,D,120,VGK,24,2.29415,210.9007457
339,Morgan Frost,N,C,96,PHI,24,0,224.6790528
303,Conor Sheary,N,LW,78,TBL,31,2,227.6058904
343,Jonas Siegenthaler,N,D,96,NJD,26,3.0167,232.197373
367,Nicklas Backstrom,N,C,104,WSH,35,9.2,211.0455887
404,Cody Ceci,N,D,121,EDM,29,3.25,210.8383254
326,Andreas Athanasiou,N,C,91,CHI,29,4.25,230.9342955
377,Cole Perfetti,N,C,108,WPG,21,0.849167,208.9710177
383,Mikey Anderson,N,D,114,LAK,24,4.125,217.0667066
358,Tomas Tatar,N,"LW,RW",93,UFA,32,4.277,199.8645231
487,Jake Bean,N,D,150,CBJ,25,2.333,187.2596123
352,Noah Cates,N,"C,LW",92,PHI,24,2.625,204.3832168
380,Alex Romanov,N,D,111,NYI,23,2.5,218.1537568
416,Dylan Demelo,N,D,127,WPG,30,3,205.9866709
371,Mark Giordano,N,D,108,TOR,39,0.8,219.6156819
402,Jamie Oleksiak,N,D,119,SEA,30,4.6,211.3404749
553,Oliver Ekman-Larsson,N,D,168,FLA,32,2.25,163.5544235
410,Dante Fabbro,N,D,124,NSH,25,2.5,208.607603
355,Chris Tanev,N,D,100,CGY,33,4.5,226.2918969
364,Travis Hamonic,N,D,105,OTT,33,1.1,222.5095603
341,Mikael Granlund,N,"C,RW",77,PIT,31,5,208.4137216
318,Gustav Nyquist,N,LW,82,NSH,33,3.185,219.7874525
334,James van Riemsdyk,N,LW,86,BOS,34,1,211.3770154
401,Ian Cole,N,D,118,VAN,34,3,211.5614456
359,Kaapo Kakko,N,RW,80,NYR,22,2.1,199.8434981
374,TJ Brodie,N,D,109,TOR,33,5,219.3167289
425,Mattias Samuelsson,N,D,128,BUF,23,4.285714,203.832713
335,Jason Zucker,N,LW,87,ARI,31,5.3,211.2150754
362,Trevor van Riemsdyk,N,D,104,WSH,32,3,223.9873684
349,Jaden Schwartz,N,"C,LW",89,SEA,31,5.5,205.1454685
492,Brett Kulak,N,D,154,EDM,29,2.75,185.0461799
590,Pierre-Olivier Joseph,N,D,179,PIT,24,0.825,152.6799761
372,Philip Tomasino,N,C,106,NSH,22,0.863333,209.9915955
246,Anton Forsberg,N,G,32,OTT,30,2.75,150.7309342
315,Eeli Tolvanen,N,RW,75,SEA,24,1.45,221.8868818
345,Andrew Copp,N,C,99,DET,29,5.625,221.6018126
483,Erik Brannstrom,N,D,147,OTT,23,2,188.1049188
431,Ryan Lindgren,N,D,130,NYR,25,3,200.0043404
405,Zach Whitecloud,N,D,122,VGK,26,2.75,209.4892707
351,Max Pacioretty,N,LW,91,WSH,34,2,204.4788649
317,Connor Murphy,N,D,87,CHI,30,4,244.6225947
458,Brenden Dillon,N,D,138,WPG,32,3.9,193.3953179
489,Alex Carrier,N,D,152,NSH,26,2.5,186.5338576
249,Jean-Gabriel Pageau,N,C,74,NYI,30,5,257.9276541
310,David Savard,N,D,84,MTL,32,3.5,247.71101
255,Logan Thompson,N,G,33,VGK,26,0.766667,148.7965623
485,Sean Walker,N,D,149,PHI,28,2.65,187.7041951
301,Nick Paul,N,LW,76,TBL,28,3.15,227.789267
536,Colin Miller,N,D,165,NJD,30,1.85,170.169177
354,Nicolas Roy,N,C,100,VGK,26,3,217.0320942
488,Ryan Suter,N,D,151,DAL,38,3.65,187.0070167
350,Matthew Knies,N,LW,90,TOR,20,0,205.1422162
437,Erik Johnson,N,D,131,BUF,35,3.25,198.8963337
265,Connor Ingram,N,G,35,ARI,26,0,145.0851876
469,Luke Schenn,N,D,143,NSH,33,2.75,190.6069894
430,Tyler Myers,N,D,129,VAN,33,6,201.6388013
466,Jordan Harris,N,D,141,MTL,23,1.4,191.2371794
440,Brandon Carlo,N,D,132,BOS,26,4.1,198.2096267
399,Kasperi Kapanen,N,RW,83,STL,27,3.2,187.3989181
443,Justin Holl,N,D,133,DET,31,3.4,197.5276145
331,Ondrej Palat,N,LW,85,NJD,32,6,212.404683
576,Sebastian Aho (D),N,D,176,NYI,27,0.825,159.0898917
295,Tanner Jeannot,N,LW,74,TBL,26,2.665,229.3781181
381,Jacob Middleton,N,D,112,MIN,27,2.45,217.8881582
455,Dmitry Kulikov,N,D,137,FLA,32,1,193.9905013
307,Erik Haula,N,LW,79,NJD,32,3.15,224.6490896
460,Brian Dumoulin,N,D,139,SEA,31,3.15,192.8171044
484,Alex Vlasic,N,D,148,CHI,22,0,187.9049066
393,Sean Monahan,N,C,114,MTL,28,1.985,203.9116726
397,Pierre Engvall,N,LW,99,NYI,27,3,187.928001
424,Phil Kessel,N,RW,85,UFA,35,2.085,179.3401845
501,Artem Zub,N,D,157,OTT,27,4.6,182.3757774
280,Arvid Soderblom,N,G,37,CHI,24,0,140.7193328
356,Nick Seeler,N,D,101,PHI,30,0.775,225.1425058
260,Akira Schmid,N,G,34,NJD,23,0,146.7006297
435,Alex Newhook,N,C,125,MTL,22,2.9,189.6615187
373,Mike Hoffman,N,LW,94,MTL,33,4.5,194.9944746
369,Ryan Johansen,N,C,105,COL,31,4,210.368564
612,Mike Reilly,N,D,188,FLA,30,1,147.2807417
379,Morgan Geekie,N,C,109,BOS,25,2,208.704279
534,Josh Manson,N,D,164,COL,31,4.5,170.2883833
251,Rafael Harvey-Pinard,N,LW,67,MTL,24,1.1,242.7534014
426,Stefan Noesen,N,"LW,RW",103,CAR,30,0.7625,178.6064188
521,Jan Rutta,N,D,161,PIT,33,2.75,175.1221983
555,Nick Leddy,N,D,169,STL,32,4,162.4038397
528,Alex Goligoski,N,D,162,MIN,38,2,172.5696533
514,Troy Stecher,N,D,160,ARI,29,1.1,176.9156783
387,Marcus Johansson,N,LW,95,MIN,32,2,191.9443346
480,Erik Gudbranson,N,D,146,CBJ,31,4,188.8295883
445,JJ Peterka,N,RW,91,BUF,21,0.855833,172.4569399
582,Nils Lundkvist,N,D,178,DAL,23,0.925,156.2907988
593,Calle Rosen,N,D,180,STL,29,0.7625,152.5760716
366,Yegor Sharangovich,N,C,103,CGY,25,3.1,211.0865634
476,Marc-Edouard Vlasic,N,D,145,SJS,36,7,189.4843505
508,Braden Schneider,N,D,158,NYR,21,0.925,179.2387181
422,Tyler Johnson,N,C,120,CHI,33,5,195.1371247
395,Mason Marchment,N,LW,98,DAL,28,4.5,188.3400223
446,Juuso Parssinen,N,C,128,NSH,22,0.850833,187.2123359
396,Connor Brown,N,RW,82,EDM,29,0.775,188.038458
461,Leo Carlsson,N,C,130,ANA,18,0.95,183.0674686
575,Johnathan Kovacevic,N,D,175,MTL,26,0.766667,159.1200755
444,Jani Hakanpaa,N,D,134,DAL,31,1.5,197.5207862
427,Jacob Peterson,N,C,122,SJS,24,0.775,192.9452454
635,Oliver Kylington,N,D,194,CGY,26,2.5,135.0489991
376,Frederick Gaudreau,N,C,107,MIN,30,2.1,209.0524345
449,Joel Edmundson,N,D,136,WSH,30,1.75,196.545666
293,Petr Mrazek,N,G,39,CHI,31,3.8,137.305594
272,Jack Campbell,N,G,36,EDM,31,5,142.5433121
409,Evgeny Dadonov,N,RW,84,DAL,34,2.71,184.1775504
509,Dylan Samberg,N,D,159,WPG,24,1.4,179.2279224
594,Josh Mahura,N,D,181,FLA,25,0.925,152.0833308
298,Jake Allen,N,G,40,MTL,33,0,135.7328101
400,Alex Wennberg,N,C,116,SEA,28,4.5,202.2944337
346,Zach Parise,N,LW,88,UFA,39,2.629,206.6240922
611,Arber Xhekaj,N,D,187,MTL,22,0.828333,147.3584366
462,Ryan Donato,N,C,131,CHI,27,2,182.6426
429,Brendan Gallagher,N,RW,88,MTL,31,6.5,177.4002914
389,Eetu Luostarinen,N,"C,LW",97,FLA,24,2.625,191.1864721
491,Derek Forbort,N,D,153,BOS,31,3,185.5005163
434,Philipp Kurashev,N,C,124,CHI,23,2.25,190.1346731
432,Anthony Mantha,N,RW,89,WSH,28,5.7,175.0447366
546,Robert Hagg,N,D,167,ANA,28,0.775,165.6383997
603,William Borgen,N,D,183,SEA,26,2.7,148.5832399
647,Dylan Coghlan,N,D,200,CAR,25,0.85,130.7132916
439,Kevin Labanc,N,RW,90,SJS,27,4.725,173.8966441
531,Kyle Burroughs,N,D,163,SJS,28,1.1,171.9337808
421,Alex Kerfoot,N,C,119,ARI,29,3.5,195.2326298
601,Jeremy Lauzon,N,D,182,NSH,26,2,149.9052394
578,Olli Maatta,N,D,177,DET,28,3,158.9435066
450,Oliver Wahlstrom,N,RW,93,NYI,23,0.874,171.5965682
414,Jakob Pelletier,N,LW,101,CGY,22,0,181.8288129
288,Cam Talbot,N,G,38,LAK,36,1,138.2724765
648,Ethan Bear,N,D,201,UFA,26,2.7,129.2245195
632,Henri Jokiharju,N,D,191,BUF,24,2.5,135.817419
417,Cole Guttman,N,C,117,CHI,24,0.95,196.4716475
567,Marc Staal,N,D,173,PHI,36,1.1,160.6657182
441,Calle Jarnkrok,N,"C,LW",105,TOR,31,2.1,173.6634556
428,Trent Frederic,N,"C,RW",87,BOS,25,2.3,177.4650417
413,Pavel Dorofeyev,N,LW,100,VGK,22,0.825,182.2456808
664,Samuel Bolduc,N,D,204,NYI,22,0.8,123.8807893
463,Dylan Guenther,N,LW,107,ARI,20,0.894167,167.6755882
687,Conor Timmins,N,D,215,TOR,24,1.1,115.1547542
363,Christian Dvorak,N,C,102,MTL,27,4.45,213.5524205
398,Michael Rasmussen,N,C,115,DET,24,1.46,202.7463451
574,Jon Merrill,N,D,174,MIN,31,1.2,159.177917
324,Sam Montembeault,N,G,41,MTL,26,1,123.9712974
385,Jeff Carter,N,C,111,PIT,38,3.125,207.0609587
641,Victor Soderstrom,N,D,197,ARI,22,0,133.0540645
610,Marco Scandella,N,D,186,STL,33,3.275,147.3807523
433,William Carrier,N,LW,104,VGK,28,1.4,175.2380446
506,Arthur Kaliyev,N,RW,99,LAK,22,0.894167,155.1645833
560,Nikita Zaitsev,N,D,170,CHI,31,4.5,161.6649793
418,Luke Kunin,N,C,118,SJS,25,2.75,196.3959533
628,Jordan Oesterle,N,D,190,CGY,31,1.108,138.6191671
634,Kevin Bahl,N,D,193,NJD,23,0,135.3516994
563,Radim Simek,N,D,171,SJS,30,2.25,161.3205568
467,Warren Foegele,N,LW,108,EDM,27,2.75,166.6294052
459,Jordan Martinook,N,LW,106,CAR,31,1.8,168.6422516
677,Christian Wolanin,N,D,212,VAN,28,0,118.6735407
666,Ben Hutton,N,D,206,VGK,30,0.85,123.5111506
685,Jacob MacDonald,N,D,214,SJS,30,0.7625,115.281594
475,Miles Wood,N,LW,110,COL,27,2.5,165.0817868
671,Jalen Chatfield,N,D,209,CAR,27,0.762,121.1641018
638,Jaycob Megna,N,D,195,SEA,30,0.7625,134.3943616
609,Niko Mikkola,N,D,185,FLA,27,2.5,147.4292451
673,Filip Roos,N,D,210,CHI,24,0,119.3413137
605,Ilya Lyubushkin,N,D,184,BUF,29,2.75,148.078127
640,Logan Stanley,N,D,196,WPG,25,0,133.0935288
522,Jonathan Drouin,N,LW,116,COL,28,0.825,150.413001
448,Jakob Silfverberg,N,RW,92,ANA,32,5.25,171.9505477
564,Josh Brown,N,D,172,ARI,29,1.275,161.2255738
500,Kailer Yamamoto,N,RW,97,SEA,24,1.5,157.9570393
523,Shane Wright,N,C,144,SEA,19,0,164.7732218
464,Shane Pinto,N,C,132,OTT,22,0,182.3614092
654,Zach Bogosian,N,D,202,TBL,33,0.85,126.7644747
423,Jordan Staal,N,C,121,CAR,34,2.9,194.6627841
498,Cole Sillinger,N,C,140,CBJ,20,0.925,173.4290742
327,Marc-Andre Fleury,N,G,42,MIN,38,3.5,121.908683
675,Urho Vaakanainen,N,D,211,ANA,24,0.85,118.9197689
505,Yegor Chinakhov,N,RW,98,CBJ,22,0.8,155.1984188
539,Josh Bailey,N,RW,106,UFA,33,5,144.3573474
642,Haydn Fleury,N,D,198,TBL,27,0.7625,132.9261322
621,Jarred Tinordi,N,D,189,CHI,31,1.25,139.6403803
495,Pius Suter,N,C,136,UFA,27,1.6,174.5085244
481,Jonatan Berggren,N,LW,111,DET,23,0.925,164.15719
665,Alex Alexeyev,N,D,205,WSH,23,0,123.7629225
436,Adam Lowry,N,C,126,WPG,30,3.25,189.5507777
342,MacKenzie Blackwood,N,G,43,SJS,26,2.35,114.8780145
692,Colton White,N,D,218,ANA,26,0,111.2711932
533,Michael Eyssimont,N,C,149,TBL,26,0.8,161.9622315
690,Chris Wideman,N,D,216,MTL,33,0.762,112.9816412
490,Yakov Trenin,N,C,135,NSH,26,1.7,176.1269646
646,Chad Ruhwedel,N,D,199,PIT,33,0.8,131.121668
513,Corey Perry,N,RW,100,CHI,38,4,152.414886
670,Matt Irwin,N,D,208,VAN,35,0.775,121.4946003
716,Brad Hunt,N,D,224,COL,34,0,93.69028273
661,Brendan Smith,N,D,203,NJD,34,1.1,124.7414796
497,Jonathan Toews,N,C,138,UFA,35,3.73,173.7025528
526,Kyle Okposo,N,RW,105,BUF,35,1.915,149.0024841
518,Filip Zadina,N,RW,102,UFA,23,1.1,150.9026396
700,Zac Jones,N,D,219,NYR,22,0.8125,105.5216404
691,Jacob Bernard-Docker,N,D,217,OTT,23,0,112.7090573
530,Ryan McLeod,N,C,147,EDM,23,0,162.7770022
633,Jack Johnson,N,D,192,COL,36,0.775,135.8014492
420,Brandon Tanev,N,LW,102,SEA,31,3.5,181.0703582
524,Blake Lizotte,N,C,145,LAK,25,1.675,164.6850109
474,Marcus Foligno,N,LW,109,MIN,32,3.1,165.439048
577,Jack Quinn,N,RW,112,BUF,21,0.863333,134.3310131
542,Robby Fabbri,N,C,152,DET,27,4,157.9223432
477,Logan O'Connor,N,RW,96,COL,27,1.05,164.683341
710,Philip Broberg,N,D,222,EDM,22,0.863333,97.32695616
470,Nico Sturm,N,C,133,SJS,28,2,181.0755182
580,Alex Texier,N,"LW,RW",129,CBJ,23,1.525,132.5384471
451,Jason Dickinson,N,C,129,CHI,28,2.65,186.3118851
561,Mason Appleton,N,C,158,WPG,27,2.166667,152.0691563
552,Sonny Milano,N,LW,122,WSH,27,1.9,139.1651177
701,Tobias Bjornfot,N,D,220,LAK,22,0,103.6433041
525,Jesper Fast,N,RW,104,CAR,31,2.4,149.3163658
516,Nick Ritchie,N,LW,114,UFA,27,2.406,152.2150516
511,Nick Bjugstad,N,C,142,ARI,31,2.1,168.2768908
438,Colton Sissons,N,C,127,NSH,29,2.857,189.0871684
547,Fabian Zetterlund,N,LW,121,SJS,23,1.45,140.2183215
510,Eric Robinson,N,LW,113,CBJ,28,1.6,154.7032205
679,Vincent Desharnais,N,D,213,EDM,27,0.7625,118.0012527
519,Mathieu Joseph,N,RW,103,OTT,26,2.95,150.8876709
507,Juraj Slafkovsky,N,LW,112,MTL,19,0.95,155.1495748
529,Noah Gregor,N,C,146,UFA,25,0,162.7916316
709,Egor Zamula,N,D,221,PHI,23,0,97.41436545
558,Alex Holtz,N,RW,108,NJD,21,0,137.1491174
668,Robert Bortuzzo,N,D,207,STL,34,0.95,122.1180558
537,Phillip Di Giuseppe,N,LW,118,VAN,29,0.775,145.3446061
471,Wade Allison,N,RW,95,PHI,25,0.785,165.4743032
512,Barclay Goodrow,N,C,143,NYR,30,3.641667,167.6952642
721,Jakub Zboril,N,D,225,BOS,26,1.1375,85.30245352
711,Joel Hanley,N,D,223,DAL,32,0.7875,97.11307925
565,David Kampf,N,C,159,TOR,28,2.5,151.5932825
452,Garnet Hathaway,N,RW,94,PHI,31,2.002,170.3587978
573,Kiefer Sherwood,N,RW,111,NSH,28,0.775,134.842399
556,Hudson Fasching,N,RW,107,NYI,28,0.775,137.6652831
592,Emil Bemstrom,N,RW,115,CBJ,24,0.9,127.9880318
600,Walker Duehr,N,RW,118,CGY,25,0,125.3820397
541,Lars Eller,N,C,151,PIT,34,2.45,158.6346962
572,Mattias Janmark,N,C,161,EDM,30,1,150.1589634
559,Danton Heinen,N,LW,124,UFA,28,1.853,137.2379874
584,Nick Cousins,N,C,163,FLA,30,1.1,146.3080641
357,Joseph Woll,N,G,44,TOR,25,0,107.4246725
551,Sam Lafferty,N,C,156,TOR,28,1.15,154.448338
626,Adam Ruzicka,N,C,177,CGY,24,0.7652,129.6095606
587,Michael Amadio,N,C,166,VGK,27,0.7625,145.4282779
515,Nathan Bastian,N,RW,101,NJD,25,1.35,152.0595421
583,Vladislav Namestnikov,N,C,162,WPG,30,2,146.5860229
545,Jordan Greenway,N,LW,120,BUF,26,3,141.7837362
581,Carl Grundstrom,N,RW,114,LAK,25,1.3,132.0673622
726,Andreas Englund,N,D,226,LAK,27,1,80.33165348
557,Sammy Blais,N,LW,123,STL,27,1,137.8570654
598,Craig Smith,N,C,167,DAL,33,1,141.826086
614,Nicolas Aube-Kubel,N,RW,120,WSH,27,1.25,121.6647206
384,Daniil Tarasov (G),N,G,47,CBJ,24,0,99.55959125
571,Jake Evans,N,C,160,MTL,27,1.7,150.5253394
566,Joel Armia,N,RW,109,MTL,30,3.4,136.1241538
520,Tyler Motte,N,LW,115,UFA,28,1.701,150.7748921
562,Jake Neighbours,N,LW,125,STL,21,0.835833,137.0301813
599,Vasily Podkolzin,N,RW,117,VAN,22,0.925,126.5801734
550,Teddy Blueger,N,C,155,VAN,29,1.9,154.6984095
620,Tyson Jost,N,C,173,BUF,25,2,130.2140857
596,Keegan Kolesar,N,RW,116,VGK,26,1.4,126.712445
375,Alex Nedeljkovic,N,G,46,PIT,27,1.5,101.430125
608,Christian Fischer,N,RW,119,DET,26,1.125,122.8025241
496,Nic Dowd,N,C,137,WSH,33,1.3,173.7836982
554,Sean Kuraly,N,C,157,CBJ,30,2.5,153.2018482
368,Pavel Francouz,N,G,45,COL,33,2,102.9416088
604,Ty Dellandrea,N,C,168,DAL,23,0.9,138.634684
653,Peyton Krebs,N,C,183,BUF,22,0.863333,117.9213817
616,Jack McBain,N,C,171,ARI,23,0,136.2250129
602,Ryan Lomberg,N,LW,132,FLA,28,0.8,124.9027641
527,Brock McGinn,N,LW,117,ANA,29,2.75,149.1876549
548,Michael McLeod,N,C,154,NJD,25,1.4,154.9183769
585,Isac Lundestrom,N,C,164,ANA,23,1.8,145.5363761
568,Jimmy Vesey,N,LW,126,NYR,30,0.8,135.8136971
579,Matt Nieto,N,LW,128,PIT,30,0.9,134.0115178
394,Charlie Lindgren,N,G,49,WSH,29,1.1,95.61409642
662,Ridly Greig,N,C,188,OTT,21,0.8633,114.9246492
503,Noel Acciari,N,C,141,PIT,31,1.937,171.0067175
606,Morgan Barron,N,C,169,WPG,24,1.35,138.4919758
586,Brett Howden,N,C,165,VGK,25,1.9,145.4738479
570,Alexei Toropchenko,N,RW,110,STL,24,1.25,135.4194774
589,Oskar Lindblom,N,LW,131,SJS,27,2.5,129.7292387
624,Paul Cotter,N,C,175,VGK,23,0.775,129.702323
544,Zach Sanford,N,LW,119,ARI,28,0.8,142.4179031
543,Casey Cizikas,N,C,153,NYI,32,2.5,157.7670641
618,Michael Carcone,N,LW,134,ARI,27,0.7857,116.966813
588,Nick Foligno,N,LW,130,CHI,35,4,130.0292001
569,Zemgus Girgensons,N,LW,127,BUF,29,1.88,135.8005338
625,Travis Boyd,N,C,176,ARI,29,1.75,129.679212
660,Aliaksei Protas,N,C,187,WSH,22,0,115.3025792
629,Brandon Duhaime,N,RW,121,MIN,26,1.1,113.0772608
657,Klim Kostin,N,C,185,DET,24,2,116.3631377
637,Max Jones,N,LW,138,ANA,25,1.295,110.1573222
622,Nicholas Robertson,N,LW,136,TOR,21,0.796667,114.9749092
535,Radek Faksa,N,C,150,DAL,29,3.25,160.7870377
655,Sam Steel,N,C,184,DAL,25,0.85,117.0173237
643,Nils Hoglander,N,LW,139,VAN,22,1.1,108.2776805
392,Jonathan Quick,N,G,48,NYR,37,0,97.35566896
615,Ryan Poehling,N,C,170,PHI,24,1.4,136.3299447
652,Joe Snively,N,C,182,WSH,27,0,117.9546529
532,Nick Bonino,N,C,148,NYR,35,0.8,162.3044958
415,Calvin Petersen,N,G,52,PHI,28,5,88.77496387
631,Boris Katchouk,N,LW,137,CHI,25,0.758333,112.0599757
406,Pyotr Kochetkov,N,G,50,CAR,24,0,91.82188089
639,Alex Belzile,N,RW,123,NYR,31,0.775,109.27686
636,Steven Lorentz,N,C,179,FLA,27,1.05,125.5582168
619,A.J. Greer,N,LW,135,BOS,26,0.7625,116.2465902
419,Eric Comrie,N,G,53,BUF,28,1.8,88.42574158
656,Milan Lucic,N,LW,142,BOS,35,1,101.7245045
407,Antti Raanta,N,G,51,CAR,34,0,91.70673459
613,Tomas Nosek,N,LW,133,NJD,30,1,122.5097125
623,Derek Ryan,N,C,174,EDM,36,0.9,129.8072354
617,Andrew Cogliano,N,C,172,COL,36,0.825,132.2925809
630,Cal Clutterbuck,N,RW,122,NYI,35,1.75,112.7529899
658,Zach Aston-Reese,N,C,186,UFA,29,1.484,116.2307462
678,Joe Veleno,N,C,192,DET,23,0,109.0732211
676,Dakota Joshua,N,C,191,VAN,27,0.825,109.2257694
627,Patrick Brown,N,C,178,BOS,31,0.8,129.4591485
663,Sheldon Dries,N,C,189,VAN,29,0.7625,114.7777944
667,Cole Smith,N,LW,144,NSH,27,0.775,98.9075026
649,Connor Dewar,N,C,181,MIN,24,0.8,119.1219242
442,Semyon Varlamov,N,G,54,NYI,35,2.75,80.72938788
681,Matthew Highmore,N,C,193,OTT,27,0.7958,108.0427497
645,Matt Martin,N,LW,140,NYI,34,1.5,106.7055946
694,Jakub Lauko,N,C,197,BOS,23,0,101.4917216
686,Brett Leason,N,RW,127,ANA,24,0.775,90.49298994
689,Jack Drury,N,C,196,CAR,23,0.925,103.6413105
650,Michael McCarron,N,RW,124,NSH,28,0.775,103.6226796
693,Andreas Johnsson,N,LW,148,PIT,28,1.144,86.71859475
684,Josh Archibald,N,RW,126,TBL,30,0.8,91.72995951
688,Dylan Holloway,N,LW,147,EDM,21,0.925,90.41340769
696,Pontus Holmberg,N,RW,128,TOR,24,0.8,82.55158491
695,Patrick Maroon,N,LW,149,MIN,35,1,84.74843641
682,Zack MacEwen,N,C,194,OTT,27,0.775,107.8740368
707,Vinnie Hinostroza,N,C,204,PIT,29,1.115,89.33449365
672,Jaret Anderson-Dolan,N,C,190,LAK,23,0.775,109.8785174
651,Parker Kelly,N,LW,141,OTT,24,0.7625,103.0375711
457,Joel Hofer,N,G,58,STL,23,0,76.38159764
705,Nils Aman,N,C,202,VAN,23,0.88375,91.07283655
454,Scott Wedgewood,N,G,56,DAL,31,1,76.93189408
674,Nicolas Deslauriers,N,LW,146,PHI,32,1.75,94.6404564
680,Mathieu Olivier,N,RW,125,CBJ,26,1.1,93.06009177
482,Lukas Dostal,N,G,62,ANA,23,0,71.18520043
699,Trevor Lewis,N,C,200,LAK,36,0.775,96.85367579
456,James Reimer,N,G,57,DET,35,1.5,76.46560261
453,Joey Daccord,N,G,55,SEA,27,0,76.98050203
669,Nathan Walker,N,LW,145,STL,29,0.775,97.3180222
698,Rasmus Kupari,N,C,199,WPG,23,0,97.27728606
703,Ryan Reaves,N,RW,129,TOR,36,1.3,78.1946687
714,Rasmus Asplund,N,C,206,FLA,25,0,84.46995271
717,Nikita Alexandrov,N,C,207,STL,22,0,82.74368499
704,Sam Carrick,N,C,201,ANA,31,0.85,93.21624342
713,Marco Rossi,N,C,205,MIN,21,0.863333,86.0147783
683,Mark Kastelic,N,C,195,OTT,24,0.835,107.5000859
478,Laurent Brossoit,N,G,60,WPG,30,1.75,71.96313309
473,Dan Vladar,N,G,59,CGY,26,0,72.54519867
659,Pierre-Edouard Bellemare,N,LW,143,SEA,38,0.775,101.068683
486,Alex Lyon,N,G,63,DET,30,0.9,69.96338491
479,Jonas Johansson,N,G,61,TBL,27,0,71.55329513
706,Tyler Pitlick,N,C,203,NYR,31,0.7875,90.51038534
644,Luke Glendening,N,C,180,TBL,34,0.8,122.9815458
712,Fredrik Olofsson,N,LW,152,COL,27,0.794,72.5726326
702,Kevin Rooney,N,"C,LW",150,CGY,30,1.3,78.70608426
708,Grigori Denisenko,N,LW,151,FLA,23,0,73.19695106
727,Logan Brown,N,C,215,TBL,25,0,67.97075023
718,Givani Smith,N,RW,130,SJS,25,0.8,64.83864617
720,Nic Petan,N,C,210,MIN,28,0,76.11113127
697,Curtis Lazar,N,C,198,NJD,28,1,97.58810402
715,Nolan Foote,N,LW,153,NJD,22,0,69.40534268
499,Anthony Stolarz,N,G,64,FLA,29,1.1,65.49069654
504,Kevin Lankinen,N,G,66,NSH,28,0,62.64603326
502,Spencer Knight,N,G,65,FLA,22,0,64.48502062
723,Lane Pederson,N,C,212,EDM,26,0.8313,73.62883253
724,David Gustafsson,N,C,213,WPG,23,0,72.13930126
719,Ryan Carpenter,N,C,208,SJS,32,0.8228,79.29656782
722,Jayson Megna,N,C,211,BOS,33,0.8677,74.22765534
725,Ben Meyers,N,C,214,COL,24,0.775,71.49777904
729,Tanner Laczynski,N,C,216,PHI,26,0.7625,65.82488066
517,Chris Driedger,N,G,67,SEA,29,3.5,58.55288509
728,Ross Johnston,N,LW,154,NYI,29,1.1,51.23766263
540,Casey DeSmith,N,G,68,MTL,32,1.8,51.32471499
549,Ukko-Pekka Luukkonen,N,G,69,BUF,24,0.8375,46.97305164
591,Felix Sandstrom,N,G,70,PHI,26,0.775,35.30471546
597,Dustin Wolf,N,G,72,CGY,22,0,33.95772844
595,Martin Jones,N,G,71,TOR,29,4.6875,34.26465585
607,Spencer Martin,N,G,73,VAN,28,0.7625,30.5909135
